Workbook

Sheet README_使用说明
A1: Legal OS v1.7｜金额与数据核验工作台
A2: 通用、可复制的核验底稿。演示行仅用于展示公式，不代表任何真实案件、合同或法律结论。
A4: 使用顺序 | B4: ①保留原始记录 | C4: ②逐项复算 | D4: ③登记期限节点 | E4: ④登记冲突/缺口 | F4: ⑤通过质量门后人工复核
A6: 工作表 | B6: 用途
A7: 原始记录_输入 | B7: 只录入来源中可直接确认的字段；不要把推测值写入原始列。
A8: 金额核验_逐项复算 | B8: 按数量、单价、税率、计税口径复算，并与原始金额逐项比较。
A9: 期限与节点 | B9: 只做日历日期层面的节点提示；不替代法律期限、诉讼时效或程序审查。
A10: 冲突与缺口 | B10: 记录来源冲突、缺页、缺凭证、待确认事项及处理状态。
A11: 质量门 | B11: 集中显示来源完整性、公式完整性、差异和未处理事项。
A12: 安全边界 | B12: 删除演示行后再录入案件数据；对外提交、发函、起诉、结算等动作仍须人工授权。
A13: 记录原则 | B13: 原始值、计算值、判断值分列；不能用计算结果覆盖原始数据。
A14: 交付条件 | B14: 任何‘不一致’、‘缺原始金额’、‘待处理’或来源缺失都应先暂停输出。
A16: 字段颜色约定：浅蓝=表头/结构；浅黄=需要人工复核；浅红=阻断性交付问题；浅绿=通过或已确认。公式列应保持公式，不手工覆盖。

Sheet 原始记录_输入
A1: 原始记录｜输入区
A2: 只抄录可由来源文件、凭证或经确认的记录直接支持的值。三行 DEMO 数据可删除后替换。
A3: 金额链一次录入：原值J、已付K直接引用；扩展列N:X描述链条。固定扣减/抵扣复用J，付款复用K；原行K>0须另填W:X付款凭证。
A4: 记录ID | B4: 来源定位 | C4: 款项/事项 | D4: 发生日期 | E4: 币种 | F4: 数量 | G4: 单价（未税） | H4: 税率 | I4: 计税口径 | J4: 原始金额（文件） | K4: 已支付/已收金额 | L4: 证据状态 | M4: 备注 | N4: 链条ID | O4: 记录类型 | P4: 因素ID | Q4: 计算依据（上一步记录ID） | R4: 因素类型 | S4: 因素值（百分率小数） | T4: 原金额已含因素ID（分号分隔） | U4: 小数位 | V4: 舍入规则 | W4: 付款来源定位（原行K>0时） | X4: 付款证据状态（原行K>0时）
A5: DEMO-001 | B5: 演示来源-第1页 | C5: 设备款 | D5: 46204 | E5: CNY | F5: 10 | G5: 1000 | H5: 0.13 | I5: 不含税 | J5: 11300 | K5: 5000 | L5: 已核 | M5: 演示数据：可删除
A6: DEMO-002 | B6: 演示来源-第2页 | C6: 服务费 | D6: 46208 | E6: CNY | F6: 1 | G6: 5000 | H6: 0.06 | I6: 含税 | J6: 5000 | K6: 5000 | L6: 待核 | M6: 演示数据：证据待核
A7: DEMO-003 | B7: 演示来源-第3页 | C7: 运费 | D7: 46209 | E7: CNY | F7: 2 | G7: 300 | H7: 0 | I7: 不含税 | J7: 600 | K7: 0 | L7: 已核 | M7: 演示数据：可删除

Sheet 金额核验_逐项复算
A1: 金额核验｜逐项复算
A2: 公式列由原始记录自动读取；差额以‘原始金额 - 复算金额’计算。金额差异不等于法律结论。
A4: 记录ID | B4: 款项/事项 | C4: 原始金额 | D4: 复算基数 | E4: 复算税额 | F4: 复算含税金额 | G4: 差额 | H4: 核验状态 | I4: 计税口径 | J4: 证据状态 | K4: 预计未付/未收
A5: =IF('原始记录_输入'!A5="","",'原始记录_输入'!A5) -> DEMO-001 | B5: =IF(A5="","",'原始记录_输入'!C5) -> 设备款 | C5: =IF(A5="","",'原始记录_输入'!J5) -> 11300 | D5: =IF(A5="","",'原始记录_输入'!F5*'原始记录_输入'!G5) -> 10000 | E5: =IF(A5="","",IF('原始记录_输入'!I5="含税",D5*'原始记录_输入'!H5/(1+'原始记录_输入'!H5),D5*'原始记录_输入'!H5)) -> 1300 | F5: =IF(A5="","",IF('原始记录_输入'!I5="含税",D5,D5+E5)) -> 11300 | G5: =IF(A5="","",C5-F5) -> 0 | H5: =IF(A5="","",IF(C5="","缺原始金额",IF(ABS(G5)<0.01,"一致","不一致"))) -> 一致 | I5: =IF(A5="","",'原始记录_输入'!I5) -> 不含税 | J5: =IF(A5="","",'原始记录_输入'!L5) -> 已核 | K5: =IF(A5="","",C5-'原始记录_输入'!K5) -> 6300
A6: =IF('原始记录_输入'!A6="","",'原始记录_输入'!A6) -> DEMO-002 | B6: =IF(A6="","",'原始记录_输入'!C6) -> 服务费 | C6: =IF(A6="","",'原始记录_输入'!J6) -> 5000 | D6: =IF(A6="","",'原始记录_输入'!F6*'原始记录_输入'!G6) -> 5000 | E6: =IF(A6="","",IF('原始记录_输入'!I6="含税",D6*'原始记录_输入'!H6/(1+'原始记录_输入'!H6),D6*'原始记录_输入'!H6)) -> 283.01887 | F6: =IF(A6="","",IF('原始记录_输入'!I6="含税",D6,D6+E6)) -> 5000 | G6: =IF(A6="","",C6-F6) -> 0 | H6: =IF(A6="","",IF(C6="","缺原始金额",IF(ABS(G6)<0.01,"一致","不一致"))) -> 一致 | I6: =IF(A6="","",'原始记录_输入'!I6) -> 含税 | J6: =IF(A6="","",'原始记录_输入'!L6) -> 待核 | K6: =IF(A6="","",C6-'原始记录_输入'!K6) -> 0
A7: =IF('原始记录_输入'!A7="","",'原始记录_输入'!A7) -> DEMO-003 | B7: =IF(A7="","",'原始记录_输入'!C7) -> 运费 | C7: =IF(A7="","",'原始记录_输入'!J7) -> 600 | D7: =IF(A7="","",'原始记录_输入'!F7*'原始记录_输入'!G7) -> 600 | E7: =IF(A7="","",IF('原始记录_输入'!I7="含税",D7*'原始记录_输入'!H7/(1+'原始记录_输入'!H7),D7*'原始记录_输入'!H7)) -> 0 | F7: =IF(A7="","",IF('原始记录_输入'!I7="含税",D7,D7+E7)) -> 600 | G7: =IF(A7="","",C7-F7) -> 0 | H7: =IF(A7="","",IF(C7="","缺原始金额",IF(ABS(G7)<0.01,"一致","不一致"))) -> 一致 | I7: =IF(A7="","",'原始记录_输入'!I7) -> 不含税 | J7: =IF(A7="","",'原始记录_输入'!L7) -> 已核 | K7: =IF(A7="","",C7-'原始记录_输入'!K7) -> 600
A8: =IF('原始记录_输入'!A8="","",'原始记录_输入'!A8) | B8: =IF(A8="","",'原始记录_输入'!C8) | C8: =IF(A8="","",'原始记录_输入'!J8) | D8: =IF(A8="","",'原始记录_输入'!F8*'原始记录_输入'!G8) | E8: =IF(A8="","",IF('原始记录_输入'!I8="含税",D8*'原始记录_输入'!H8/(1+'原始记录_输入'!H8),D8*'原始记录_输入'!H8)) | F8: =IF(A8="","",IF('原始记录_输入'!I8="含税",D8,D8+E8)) | G8: =IF(A8="","",C8-F8) | H8: =IF(A8="","",IF(C8="","缺原始金额",IF(ABS(G8)<0.01,"一致","不一致"))) | I8: =IF(A8="","",'原始记录_输入'!I8) | J8: =IF(A8="","",'原始记录_输入'!L8) | K8: =IF(A8="","",C8-'原始记录_输入'!K8)
A9: =IF('原始记录_输入'!A9="","",'原始记录_输入'!A9) | B9: =IF(A9="","",'原始记录_输入'!C9) | C9: =IF(A9="","",'原始记录_输入'!J9) | D9: =IF(A9="","",'原始记录_输入'!F9*'原始记录_输入'!G9) | E9: =IF(A9="","",IF('原始记录_输入'!I9="含税",D9*'原始记录_输入'!H9/(1+'原始记录_输入'!H9),D9*'原始记录_输入'!H9)) | F9: =IF(A9="","",IF('原始记录_输入'!I9="含税",D9,D9+E9)) | G9: =IF(A9="","",C9-F9) | H9: =IF(A9="","",IF(C9="","缺原始金额",IF(ABS(G9)<0.01,"一致","不一致"))) | I9: =IF(A9="","",'原始记录_输入'!I9) | J9: =IF(A9="","",'原始记录_输入'!L9) | K9: =IF(A9="","",C9-'原始记录_输入'!K9)
A10: =IF('原始记录_输入'!A10="","",'原始记录_输入'!A10) | B10: =IF(A10="","",'原始记录_输入'!C10) | C10: =IF(A10="","",'原始记录_输入'!J10) | D10: =IF(A10="","",'原始记录_输入'!F10*'原始记录_输入'!G10) | E10: =IF(A10="","",IF('原始记录_输入'!I10="含税",D10*'原始记录_输入'!H10/(1+'原始记录_输入'!H10),D10*'原始记录_输入'!H10)) | F10: =IF(A10="","",IF('原始记录_输入'!I10="含税",D10,D10+E10)) | G10: =IF(A10="","",C10-F10) | H10: =IF(A10="","",IF(C10="","缺原始金额",IF(ABS(G10)<0.01,"一致","不一致"))) | I10: =IF(A10="","",'原始记录_输入'!I10) | J10: =IF(A10="","",'原始记录_输入'!L10) | K10: =IF(A10="","",C10-'原始记录_输入'!K10)
A11: =IF('原始记录_输入'!A11="","",'原始记录_输入'!A11) | B11: =IF(A11="","",'原始记录_输入'!C11) | C11: =IF(A11="","",'原始记录_输入'!J11) | D11: =IF(A11="","",'原始记录_输入'!F11*'原始记录_输入'!G11) | E11: =IF(A11="","",IF('原始记录_输入'!I11="含税",D11*'原始记录_输入'!H11/(1+'原始记录_输入'!H11),D11*'原始记录_输入'!H11)) | F11: =IF(A11="","",IF('原始记录_输入'!I11="含税",D11,D11+E11)) | G11: =IF(A11="","",C11-F11) | H11: =IF(A11="","",IF(C11="","缺原始金额",IF(ABS(G11)<0.01,"一致","不一致"))) | I11: =IF(A11="","",'原始记录_输入'!I11) | J11: =IF(A11="","",'原始记录_输入'!L11) | K11: =IF(A11="","",C11-'原始记录_输入'!K11)
A12: =IF('原始记录_输入'!A12="","",'原始记录_输入'!A12) | B12: =IF(A12="","",'原始记录_输入'!C12) | C12: =IF(A12="","",'原始记录_输入'!J12) | D12: =IF(A12="","",'原始记录_输入'!F12*'原始记录_输入'!G12) | E12: =IF(A12="","",IF('原始记录_输入'!I12="含税",D12*'原始记录_输入'!H12/(1+'原始记录_输入'!H12),D12*'原始记录_输入'!H12)) | F12: =IF(A12="","",IF('原始记录_输入'!I12="含税",D12,D12+E12)) | G12: =IF(A12="","",C12-F12) | H12: =IF(A12="","",IF(C12="","缺原始金额",IF(ABS(G12)<0.01,"一致","不一致"))) | I12: =IF(A12="","",'原始记录_输入'!I12) | J12: =IF(A12="","",'原始记录_输入'!L12) | K12: =IF(A12="","",C12-'原始记录_输入'!K12)
A13: =IF('原始记录_输入'!A13="","",'原始记录_输入'!A13) | B13: =IF(A13="","",'原始记录_输入'!C13) | C13: =IF(A13="","",'原始记录_输入'!J13) | D13: =IF(A13="","",'原始记录_输入'!F13*'原始记录_输入'!G13) | E13: =IF(A13="","",IF('原始记录_输入'!I13="含税",D13*'原始记录_输入'!H13/(1+'原始记录_输入'!H13),D13*'原始记录_输入'!H13)) | F13: =IF(A13="","",IF('原始记录_输入'!I13="含税",D13,D13+E13)) | G13: =IF(A13="","",C13-F13) | H13: =IF(A13="","",IF(C13="","缺原始金额",IF(ABS(G13)<0.01,"一致","不一致"))) | I13: =IF(A13="","",'原始记录_输入'!I13) | J13: =IF(A13="","",'原始记录_输入'!L13) | K13: =IF(A13="","",C13-'原始记录_输入'!K13)
A14: =IF('原始记录_输入'!A14="","",'原始记录_输入'!A14) | B14: =IF(A14="","",'原始记录_输入'!C14) | C14: =IF(A14="","",'原始记录_输入'!J14) | D14: =IF(A14="","",'原始记录_输入'!F14*'原始记录_输入'!G14) | E14: =IF(A14="","",IF('原始记录_输入'!I14="含税",D14*'原始记录_输入'!H14/(1+'原始记录_输入'!H14),D14*'原始记录_输入'!H14)) | F14: =IF(A14="","",IF('原始记录_输入'!I14="含税",D14,D14+E14)) | G14: =IF(A14="","",C14-F14) | H14: =IF(A14="","",IF(C14="","缺原始金额",IF(ABS(G14)<0.01,"一致","不一致"))) | I14: =IF(A14="","",'原始记录_输入'!I14) | J14: =IF(A14="","",'原始记录_输入'!L14) | K14: =IF(A14="","",C14-'原始记录_输入'!K14)
A15: =IF('原始记录_输入'!A15="","",'原始记录_输入'!A15) | B15: =IF(A15="","",'原始记录_输入'!C15) | C15: =IF(A15="","",'原始记录_输入'!J15) | D15: =IF(A15="","",'原始记录_输入'!F15*'原始记录_输入'!G15) | E15: =IF(A15="","",IF('原始记录_输入'!I15="含税",D15*'原始记录_输入'!H15/(1+'原始记录_输入'!H15),D15*'原始记录_输入'!H15)) | F15: =IF(A15="","",IF('原始记录_输入'!I15="含税",D15,D15+E15)) | G15: =IF(A15="","",C15-F15) | H15: =IF(A15="","",IF(C15="","缺原始金额",IF(ABS(G15)<0.01,"一致","不一致"))) | I15: =IF(A15="","",'原始记录_输入'!I15) | J15: =IF(A15="","",'原始记录_输入'!L15) | K15: =IF(A15="","",C15-'原始记录_输入'!K15)
A17: 复算规则：不含税口径=数量×未税单价×(1+税率)；含税口径=数量×未税单价；如来源口径不是上述结构，必须在‘冲突与缺口’登记并人工复核。

Sheet 期限与节点
A1: 期限与节点｜日历提示
A2: 仅根据录入的触发日/到期日给出日历层面的提示，不计算法律期限、诉讼时效或程序期限。
A4: 节点ID | B4: 来源定位 | C4: 触发日期 | D4: 到期日期 | E4: 来源载明天数 | F4: 日期依据 | G4: 日历状态 | H4: 人工复核备注
A5: DEMO-D01 | B5: 演示来源-第4页 | C5: 46204 | D5: 46218 | E5: 14 | F5: 来源明确载明日期 | G5: =IF(A5="","",IF(D5="","待核",IF(D5<TODAY(),"已到期",IF(D5=TODAY(),"今日到期","未到期")))) -> 未到期 | H5: 演示数据：可删除
A6: DEMO-D02 | B6: 演示来源-第5页 | C6: 46208 | F6: 尚未取得到期日 | G6: =IF(A6="","",IF(D6="","待核",IF(D6<TODAY(),"已到期",IF(D6=TODAY(),"今日到期","未到期")))) -> 待核 | H6: 待补来源
A7: DEMO-D03 | B7: 演示来源-第6页 | C7: 46209 | D7: 46213 | E7: 4 | F7: 来源明确载明日期 | G7: =IF(A7="","",IF(D7="","待核",IF(D7<TODAY(),"已到期",IF(D7=TODAY(),"今日到期","未到期")))) -> 已到期 | H7: 演示数据：可删除
G8: =IF(A8="","",IF(D8="","待核",IF(D8<TODAY(),"已到期",IF(D8=TODAY(),"今日到期","未到期"))))
G9: =IF(A9="","",IF(D9="","待核",IF(D9<TODAY(),"已到期",IF(D9=TODAY(),"今日到期","未到期"))))
G10: =IF(A10="","",IF(D10="","待核",IF(D10<TODAY(),"已到期",IF(D10=TODAY(),"今日到期","未到期"))))
G11: =IF(A11="","",IF(D11="","待核",IF(D11<TODAY(),"已到期",IF(D11=TODAY(),"今日到期","未到期"))))
G12: =IF(A12="","",IF(D12="","待核",IF(D12<TODAY(),"已到期",IF(D12=TODAY(),"今日到期","未到期"))))
G13: =IF(A13="","",IF(D13="","待核",IF(D13<TODAY(),"已到期",IF(D13=TODAY(),"今日到期","未到期"))))
G14: =IF(A14="","",IF(D14="","待核",IF(D14<TODAY(),"已到期",IF(D14=TODAY(),"今日到期","未到期"))))
G15: =IF(A15="","",IF(D15="","待核",IF(D15<TODAY(),"已到期",IF(D15=TODAY(),"今日到期","未到期"))))

Sheet 冲突与缺口
A1: 冲突与缺口｜人工处理台账
A2: 任何来源冲突、缺页、缺凭证、金额口径不清或期限依据不足，都应先登记再处理。
A4: 事项ID | B4: 关联记录 | C4: 冲突/缺口描述 | D4: 来源A | E4: 来源B | F4: 严重程度 | G4: 处理状态 | H4: 负责人 | I4: 复核备注
A5: DEMO-I01 | B5: DEMO-002 | C5: 证据状态为待核，来源凭证尚未完成核对 | D5: 演示来源-第2页 | E5: 待补凭证 | F5: 中 | G5: 待处理 | I5: 演示数据：删除后录入真实事项

Sheet 质量门
A1: 质量门｜交付前核验
A2: 质量门只反映工作簿内可见状态；‘可进入人工复核’不等于已经完成法律判断或可以直接对外使用。
A4: 检查项 | B4: 检查方式 | C4: 结果 | D4: 阻断条件 | E4: 人工备注
A5: 原始记录是否有来源定位 | B5: 检查原始记录_输入 B 列是否为空 | C5: =IF(COUNTA('原始记录_输入'!A5:A15)=0,"需复核",IF(COUNTIFS('原始记录_输入'!A5:A15,"<>",'原始记录_输入'!B5:B15,"")>0,"未通过","通过")) -> 通过 | D5: 任一有效记录缺来源定位
A6: 金额复算公式是否完整 | B6: 检查每个有效记录是否有复算金额 | C6: =IF(COUNTA('原始记录_输入'!A5:A15)=0,"需复核",IF(COUNTIFS('原始记录_输入'!A5:A15,"<>",'金额核验_逐项复算'!F5:F15,"")>0,"未通过","通过")) -> 通过 | D6: 任一有效记录缺复算结果
A7: 金额差异是否全部标记 | B7: 检查金额核验_逐项复算 H 列 | C7: =IF(COUNTIF('金额核验_逐项复算'!H5:H15,"不一致")+COUNTIF('金额核验_逐项复算'!H5:H15,"缺原始金额")>0,"未通过","通过") -> 通过 | D7: 存在不一致或缺原始金额
A8: 证据状态是否全部已核 | B8: 检查原始记录_输入 L 列 | C8: =IF(COUNTA('原始记录_输入'!A5:A15)=0,"需复核",IF(COUNTIFS('原始记录_输入'!A5:A15,"<>",'原始记录_输入'!L5:L15,"<>已核")>0,"需复核","通过")) -> 需复核 | D8: 存在待核或冲突证据
A9: 冲突/缺口是否已处理 | B9: 检查冲突与缺口 G 列是否仍有待处理 | C9: =IF(COUNTIF('冲突与缺口'!G5:G15,"待处理")+COUNTIF('冲突与缺口'!G5:G15,"处理中")>0,"未通过","通过") -> 未通过 | D9: 存在待处理或处理中事项
A10: 期限依据是否明确 | B10: 人工确认日期来源与口径 | C10: 需人工确认 | D10: 日期来源或计算口径不清
A11: 对外输出是否另行授权 | B11: 人工确认交付对象、范围与授权 | C11: 需人工确认 | D11: 未完成单独授权确认
A13: 总体状态
A14: =IF(COUNTIF(C5:C11,"未通过")>0,"暂停交付",IF(COUNTIF(C5:C11,"需复核")>0,"需复核","可进入人工复核")) -> 暂停交付
